cpu_name,estimated_price
INTEL CORE I5 750S,25000
11TH GEN INTEL CORE I7 11800H,65000
INTEL CORE I7 7700HQ,55000
AMD RYZEN 7 5800HS,45000
AMD RYZEN 5 2400G,12000
10TH GEN INTEL CORE I5 10300H,32000
AMD RYZEN 5 7520U,42000
11TH GEN INTEL CORE I5,35000
INTEL CORE I7 13700HX,85000
11TH GEN INTEL CORE I5 1145G7,35000
AMD RYZEN 5 PRO 8540U,35000
11TH GEN INTEL CORE I5 1135G7,35000
INTEL CORE I5 1235U,40000
10TH GEN INTEL CORE I5 10210U,32000
INTEL CORE I5 8365U,25000
11TH GEN INTEL CORE I7 1165G7,65000
INTEL CORE I5,25000
AMD RYZEN 5 4500U,20000
8TH GEN INTEL CORE I5 8250U,22000
12TH GEN INTEL CORE I3,25000
INTEL CORE I7,55000
INTEL CORE I9 13900H,110000
AMD RYZEN 5 5600G,30000
10TH GEN INTEL CORE I5,32000
8TH GEN INTEL CORE I5,22000
4TH GEN INTEL CORE I3 4005U,6000
INTEL CORE I3 5005U,15000
8TH GEN INTEL CORE I5 8350U,22000
7TH GEN INTEL CORE I5 7300U,18000
6TH GEN INTEL CORE I5 6200U,15000
INTEL CORE I5 6300U,25000
INTEL CORE I3 4005U,15000
APPLE M1 MAX,180000
INTEL CORE I7 12700H,65000
INTEL CORE I5 3360M,25000
INTEL CORE I5 4210M,30000
INTEL CELERON,5500
AMD A6 7310 APU,5000
INTEL CELERON N3060,5000
INTEL CORE I3 370M,15000
INTEL CORE I5 M520,25000
AMD 3020E,6000
APPLE M2,120000
AMD RYZEN 7,55000
AMD RYZEN 7 7730U,55000
13TH GEN INTEL CORE I7 13620H,85000
APPLE M3 MAX,220000
INTEL CORE I7 10750H,50000
APPLE M1,100000
6TH GEN INTEL CORE I3,9000
INTEL ULTRA 9 275HX,180000
10TH GEN INTEL CORE I5 10400F,32000
11TH GEN INTEL CORE I5 11260H,35000
INTEL CORE ULTRA 9 285HX,180000
INTEL CORE ULTRA 9 275HX,180000
APPLE M4 MAX,250000
13TH GEN INTEL CORE I5,55000
13TH GEN INTEL CORE I9 13900H,120000
11TH GEN INTEL CORE I7,65000
12TH GEN INTEL CORE I5 1235U,50000
APPLE M2 MAX,200000
13TH GEN INTEL CORE I5 1345U,55000
14TH GEN INTEL CORE I9 14900HX,170000
INTEL ULTRA 9 185H,150000
INTEL CORE I7 10510U,50000
INTEL CORE I9 14900HX,110000
INTEL CORE I9 13950HX,110000
INTEL CORE I5 2310,30000
APPLE M4 PRO,200000
12TH GEN INTEL CORE I9 12950HX,150000
AMD RYZEN AI 9 365,130000
8TH GEN INTEL CORE I7 8650U,40000
INTEL CORE I9 13980HX,110000
INTEL CORE ULTRA 9 185H,150000
AMD RYZEN 9 9955HX,160000
AMD RYZEN 9 7945HX,100000
7TH GEN INTEL CORE I5,18000
13TH GEN INTEL CORE I9 14900HX,150000
INTEL CORE I5 8250U,25000
INTEL CORE I5 1021U,30000
13TH GEN INTEL CORE I9 13950HX,150000
13TH GEN INTEL CORE I9 13980HX,150000
INTEL CORE I9 13900HX,110000
INTEL CORE I7 1185G7,65000
APPLE M4,150000
AMD RYZEN 5 3400G,15000
11TH GEN INTEL CORE I9 11950H,90000
12TH GEN INTEL CORE I9 12900HK,150000
INTEL CORE I7 7500U,55000
INTEL CORE I5 4310U,30000
12TH GEN INTEL CORE I9 12900H,120000
APPLE M3 PRO,180000
INTEL CORE I9 185H,110000
APPLE M1 PRO,140000
INTEL CORE ULTRA 7 255HX,140000
INTEL CORE I9 13900HK,110000
INTEL CORE I7 12700HX,65000
AMD RYZEN 5 PRO 2500U,12000
APPLE M2 PRO,160000
INTEL CORE ULTRA 7 155U,90000
INTEL CORE ULTRA 7,90000
13TH GEN INTEL CORE I9 13900HX,150000
INTEL CORE I7 1260U,65000
APPLE M3,130000
6TH GEN INTEL CORE I7 6500U,20000
INTEL XEON SILVER 4208,120000
INTEL CORE ULTRA 9,130000
AMD RYZEN 9 5900HX,70000
INTEL CORE ULTRA 9 184H,150000
INTEL CORE I7 10875H,50000
INTEL CORE ULTRA 9 285H,150000
INTEL CORE I7 1355U,85000
INTEL CORE I7 1065G7,50000
INTEL CORE I7 13800H,85000
QUALCOMM SNAPDRAGON X ELITE,95000
AMD RYZEN 7 7435HS,55000
8TH GEN INTEL CORE I7,40000
AMD RYZEN AI 9 HX 370,130000
AMD RYZEN 9 5980HX,85000
INTEL CORE I9 9880H,110000
12TH GEN INTEL CORE I7 1255U,80000
14TH GEN INTEL CORE I9,140000
INTEL CORE I7 12800H,65000
INTEL CORE ULTRA 7 165U,90000
AMD RYZEN 9 HX 370,95000
12TH GEN INTEL CORE I7 1265U,80000
12TH GEN INTEL CORE I7,80000
INTEL ULTRA 7 155U,90000
14TH GEN INTEL CORE I7 14700HX,120000
13TH GEN INTEL CORE I9 13950H,120000
INTEL CORE I9,110000
INTEL CORE I7 2600S,55000
AMD RYZEN 7 5800H,45000
13TH GEN INTEL CORE I9 13950X,120000
13TH GEN INTEL CORE I7 1365U,85000
12TH GEN INTEL CORE I7 12700H,80000
13TH GEN INTEL CORE I7 1355U,85000
INTEL CORE ULTRA 7 255H,110000
QUALCOMM SNAPDRAGON ELITE X,60000
10TH GEN INTEL CORE I7 10875H,55000
AMD RYZEN 9 8945HS,110000
INTEL CORE I7 14700HX,85000
13TH GEN INTEL CORE I7 13700H,85000
11TH GEN INTEL CORE I7 11850H,65000
INTEL CORE I9 13985HX,110000
INTEL CORE ULTRA 7 155H,110000
INTEL XEON E 2276M,100000
INTEL CORE I5 14600KF,55000
INTEL ULTRA 7 155H,110000
INTEL CORE I7 11800H,65000
AMD RYZEN 9 7940HX,100000
13TH GEN INTEL CORE I7 13850HX,110000
QUALCOMM SNAPDRAGON X ELITE X1E,95000
13TH GEN INTEL CORE I7 13700HX,110000
INTEL CORE I7 9750H,55000
6TH GEN INTEL CORE I5,15000
11TH GEN INTEL CORE I9 11900H,90000
11TH GEN INTEL CORE I7 11700H,65000
INTEL CORE I9 11950H,110000
14TH GEN INTEL CORE I7 14650HX,120000
AMD RYZEN 9 7845HX,90000
QUALCOMM SNAPDRAGON SQ3,60000
INTEL CORE I5 6200,25000
AMD RYZEN 9 7940HS,100000
AMD RYZEN 9 6900HX,75000
13TH GEN INTEL CORE I7 HX,110000
13TH GEN INTEL CORE I7 1360P,85000
INTEL CORE I7 14650HX,85000
9TH GEN INTEL CORE I7 9750HF,40000
13TH GEN INTEL CORE I7 13700,85000
INTEL CORE ULTRA 7 165H,110000
4TH GEN INTEL CORE I7 4510U,15000
12TH GEN INTEL CORE I7 11800H,80000
INTEL CORE I7 11850H VPRO,65000
INTEL CORE I9 12900H,110000
11TH GEN INTEL CORE I7 11370H,65000
INTEL CORE I9 12950X,110000
AMD RYZEN 7 6800H,48000
AMD RYZEN 7 8845HS,80000
QUALCOMM SNAPDRAGON X,60000
INTEL CORE ULTRA 5,70000
INTEL CORE I7 13850HX,85000
INTEL CORE I7 12850HX,65000
AMD RYZEN 7 8845H,80000
SNAPDRAGON X ELITE X1E 78 100,95000
INTEL CORE ULTRA 7 256V,100000
AMD RYZEN 7 7745HX,55000
13TH GEN INTEL CORE I7 1365HX,110000
12TH GEN INTEL CORE I9,120000
13TH GEN INTEL CORE I7 13650HX,110000
INTEL CORE ULTRA 7 VPRO,100000
INTEL CORE ULTRA 7 165H VPRO,110000
INTEL CORE I9 13905H,110000
INTEL CORE I7 13620H,85000
INTEL CORE I7 14900HX,85000
AMD RYZEN 9 8945H,110000
AMD RYZEN 7 7735HS,55000
INTEL CORE ULTRA 7 258V,100000
AMD RYZEN 7 7735HX,55000
13TH GEN INTEL CORE I7 13350U,85000
INTEL ULTRA 9 195H,150000
INTEL CORE I7 8850H,55000
13TH GEN INTEL CORE I9,120000
13TH GEN INTEL CORE I7,85000
14TH GEN INTEL CORE I7,95000
12TH GEN INTEL CORE I7 12800H,80000
11TH GEN INTEL CORE I7 1195G7,65000
QUALCOMM SNAPDRAGON X ELITE X1E 80 100,95000
13TH GEN INTEL CORE I7 13900H,85000
13TH GEN INTEL CORE I7 13800H,85000
INTEL CORE I7 13700H,85000
12TH GEN INTEL CORE I9 12900HX,150000
INTEL CORE I7 13650HX,85000
INTEL CORE I5 2.0GHZ,25000
AMD RYZEN 7 8450HS,55000
AMD RYZEN 7 7735H,55000
13TH GEN INTEL CORE I7 1335U,85000
12TH GEN INTEL CORE I7 12650H,80000
INTEL CORE I7 1195G7,65000
10TH GEN INTEL CORE I7 1065G7,55000
INTEL CORE I7 1265U,65000
INTEL CORE I7 13800H VPRO,85000
INTEL CORE I7 1365U,85000
AMD RYZEN 7 7840HS,65000
12TH GEN INTEL CORE I7 12850HX,80000
INTEL CORE I7 11850H,65000
12TH GEN INTEL CORE I7 12800HX,80000
AMD RYZEN 7 8645HS,70000
10TH GEN INTEL CORE I7 10750H,55000
QUALCOMM SNAPDRAGON ELITE X12,75000
INTEL CORE I7 12800HX,65000
7TH GEN INTEL CORE I7 7820HQ,25000
INTEL CORE I5 12450HX,40000
INTEL CORE I7 14700,85000
INTEL CORE I7 155H,55000
7TH GEN INTEL CORE I7 7700HQ,25000
INTEL ULTRA 7 165H,110000
INTEL CORE I7 7920HQ,55000
AMD RYZEN 7 7845HS,65000
AMD RYZEN 7 7480HS,55000
10TH GEN INTEL CORE I7 10610U,55000
INTEL CORE I7 10850H VPRO,50000
INTEL CORE I7 8750H,55000
INTEL CORE I7 6 CORE 2.6GHZ,55000
AMD RYZEN 9 5900HS,70000
13TH GEN INTEL CORE I7 13630H,85000
13TH GEN INTEL CORE I5 13500HX,70000
13TH GEN INTEL CORE I5 1335U,55000
INTEL CORE I7 155U,55000
INTEL CORE I7 12650H,65000
AMD SEMPRON M100,3000
13TH GEN INTEL CORE I7 1370P,85000
13TH GEN INTEL CORE I5 13600HX,70000
INTEL CORE I5 12500H,40000
13TH GEN INTEL CORE I9 13700H,120000
INTEL CORE I7 1360P,85000
INTEL CORE ULTRA 5 125H,70000
12TH GEN INTEL CORE I7 1260P,80000
12TH GEN INTEL CORE I7 1250U,80000
INTEL ULTRA 7 165U,90000
INTEL CORE ULTRA 5 125U,70000
INTEL CORE I3 4010U,15000
AMD RYZEN 9 7940H,100000
AMD RYZEN 9 5800HX,95000
AMD RYZEN 5 5600H,30000
7TH GEN INTEL CORE I7,25000
6TH GEN INTEL CORE I5 6300U,15000
10TH GEN INTEL CORE I5 1035G4,32000
12TH GEN INTEL CORE I7 12700,80000
AMD RYZEN 7 PRO 8840U,80000
AMD RYZEN 7 PRO 7840U,65000
INTEL CORE I9 11900H,110000
INTEL CORE I7 9850H,55000
INTEL CELERON M350,5500
9TH GEN INTEL CORE I7 9750H,40000
8TH GEN INTEL CORE I7 8750H,40000
13TH GEN INTEL CORE I7 1362H,85000
12TH GEN INTEL CORE I7 11850H,80000
12TH GEN INTEL CORE I5,50000
QUALCOMM SNAPDRAGON X 10,75000
INTEL CORE ULTRA 7 165U VPRO,100000
INTEL CORE I7 1255U,65000
INTEL CORE I5 13500H,55000
11TH GEN INTEL CORE I7 11390H,65000
INTEL CORE I7 1165G7,65000
INTEL CORE I7 1370P,85000
AMD RYZEN 7 7840H,65000
INTEL CORE I7 1335U,85000
INTEL CORE I7 1260P,65000
INTEL CORE I5 8279U,25000
INTEL CORE I5 12450H,40000
13TH GEN INTEL CORE I5 13420H,55000
INTEL CORE I5 10300H,30000
INTEL CORE ULTRA 5 135U,70000
INTEL CORE I7 2.6GHZ,55000
8TH GEN INTEL CORE I5 8400H,22000
AMD RYZEN 7 4800H,35000
INTEL CORE I9 12950HX,110000
INTEL CORE I7 8750U,55000
INTEL CORE I7 12450H,65000
INTEL CORE I5 1.4GHZ,25000
AMD RYZEN 5 7645HX,50000
12TH GEN INTEL CORE I5 12450HX,50000
QUALCOMM SNAPDRAGON X X1P 64 100,60000
INTEL CORE I7 1250U,65000
INTEL CORE I7 10870H,50000
INTEL CORE I5 8259U,25000
QUALCOMM SNAPDRAGON X ELITE C12,95000
QUALCOMM SNAPDRAGON R X 10 CORE X1P64100,75000
INTEL XEON W 11955M,100000
INTEL XEON W 11855M,100000
INTEL ULTRA 7,90000
INTEL CORE I7 11700H,65000
INTEL CORE I7 11370H,85000
INTEL ULTRA 7 240H,110000
AMD RYZEN 9 7945HS,100000
AMD RYZEN 5 5500U,25000
INTEL ULTRA 5 135U,70000
INTEL CORE ULTRA 7 255U,90000
INTEL CORE I7 4980HQ,55000
INTEL CORE I7 13620HX,85000
AMD RYZEN 9 5900H,70000
AMD RYZEN 7 7840U,65000
AMD RYZEN 5 7535HS,42000
AMD RYZEN 5 7535H,42000
6TH GEN INTEL CORE I7 6770HQ,20000
13TH GEN INTEL CORE I7 1365U VPRO,85000
12TH GEN INTEL CORE I5 12450H,50000
INTEL CORE I7 12650HX,65000
INTEL CORE ULTRA 7 266V,100000
12TH GEN INTEL CORE I7 1280P,80000
INTEL CORE I5 3.2GHZ,25000
INTEL CORE 7 150U,25000
AMD RYZEN 7 5700U,40000
AMD RYZEN 5 8645HS,55000
INTEL CORE ULTRA 7 268V,100000
INTEL CORE I9 10880H,110000
INTEL CORE I5 210H,30000
AMD RYZEN 7 PRO,55000
AMD RYZEN 7 6800HS,48000
AMD R9 5900HX,70000
11TH GEN INTEL CORE I5 11400H,35000
INTEL CORE I7 150U,55000
INTEL CORE ULTRA 5 235U,70000
INTEL CORE I5 1355U,55000
INTEL CORE I5 11400H,55000
AMD RYZEN 7 5800X,60000
9TH GEN INTEL CORE I7,40000
13TH GEN INTEL CORE I7 12700H,85000
13TH GEN INTEL CORE I5 13600H,55000
12TH GEN INTEL CORE I5 12500H,50000
INTEL CORE I5 10400H,30000
AMD RYZEN 7 8840HS,80000
INTEL CORE I5 13420H,55000
11TH GEN INTEL CORE I5 1147G7,35000
13TH GEN INTEL CORE I7 13650H,85000
INTEL CORE I7 8700,55000
INTEL CORE I7 1500U,55000
INTEL CORE I5 13600,55000
AMD RYZEN 7 7735U,55000
AMD RYZEN 5 7600X,42000
INTEL CORE I9 9900K,110000
2ND GEN QUALCOMM SNAPDRAGON 8CX,60000
12TH GEN INTEL CORE I7 1265P,80000
10TH GEN INTEL CORE I7 10870H,55000
AMD RYZEN 5 4680U,35000
INTEL CORE ULTRA7 155H,85000
INTEL CORE I7 4870HQ,55000
INTEL CORE I5 7267U,25000
INTEL CORE I5 1345U V PRO,55000
AMD RYZEN 9 4900H,95000
AMD RYZEN 7 735HS,55000
8TH GEN INTEL CORE I5 8279U,22000
INTEL XEON W 10855M,100000
INTEL CORE ULTRA 5 135U VPRO,70000
12TH GEN INTEL CORE I5 1245H,50000
INTEL CORE I5 13450HX,55000
INTEL CORE ULTRA 7 150,90000
INTEL CORE I7 1160G7,65000
INTEL CORE I7 10610U,50000
INTEL CORE I5 13500HX,55000
INTEL CORE I5 1035GI,30000
AMD RYZEN 9 6900HS,75000
AMD RYZEN 7 PRO 7840HS,65000
13TH GEN INTEL CORE I7 H,85000
12TH GEN INTEL CORE I5 12400H,50000
10TH GEN INTEL CORE I7 10510U,55000
INTEL CORE ULTRA 7 150U,90000
INTEL XEON W 11955,100000
INTEL CORE ULTRA 5 135H VPRO,70000
INTEL CORE I5 9300H,25000
AMD RYZEN 7 6800U,48000
AMD RYZEN 5 7640HS,50000
AMD RYZEN 5 4600H,35000
12TH GEN INTEL CORE I7 1280U,80000
7TH GEN INTEL CORE I5 7267U,18000
13TH GEN INTEL CORE I5 13450HX,70000
11TH GEN INTEL CORE I7 1185G7,65000
INTEL ULTRA 5 125H,70000
10TH GEN INTEL CORE I9 10885H,90000
INTEL CORE I7 10850H,50000
INTEL CORE I5 1335U,55000
AMD RYZEN 5 7235HS,35000
AMD RYZEN Z1 EXTREME,25000
INTEL ULTRA 5 125U,70000
INTEL CORE ULTRA 5 135H,70000
INTEL CORE I7 8565U,55000
INTEL CORE I5 1340P,55000
INTEL CORE I5 11300H,55000
AMD RYZEN 7 PRO 8865HS,55000
AMD RYZEN 5 8645H,55000
AMD RYZEN 5 8640HS,55000
AMD RYZEN 5 6600H,35000
9TH GEN INTEL CORE I9,60000
13TH GEN INTEL CORE I7 135U,85000
INTEL CORE ULTRA 7 164U,90000
INTEL CORE I9 10885H,110000
AMD RYZEN 7 6800HQ,48000
11TH GEN INTEL CORE I7 1135G7,65000
INTEL CORE I7 6700HQ,55000
INTEL CORE I5 3337U,25000
AMD RYZEN 9 5900,70000
AMD RYZEN 9 4900HS,95000
AMD RYZEN 9,95000
AMD RYZEN 7 75800H,45000
9TH GEN INTEL CORE I5 9300H,22000
13TH GEN INTEL CORE I5 1350P,55000
12TH GEN INTEL CORE I7 1254U,80000
11TH GEN INTEL CORE I5 11300H,35000
INTEL CORE I5 8350U,25000
INTEL CORE I5 8210Y,30000
AMD RYZEN 7 PRO 7735,55000
7TH GEN INTEL CORE I7 7500U,25000
AMD RYZEN 7 8840U,80000
AMD RYZEN 5 7535U,42000
9TH GEN INTEL CORE I9 9880H,60000
12TH GEN INTEL CORE I7 1265G7,80000
8TH GEN INTEL CORE I7 8850H,40000
INTEL ULTRA 7 164U,90000
INTEL CORE I9 8950HK,110000
INTEL CORE I7 7820HK,55000
INTEL CORE I5 8300H,25000
INTEL CORE I5 11450H,55000
AMD RYZEN 5 PRO 7540U,35000
AMD RYZEN 5 220,35000
8TH GEN INTEL CORE I7 8550U,40000
13TH GEN INTEL CORE I5 1340P,55000
12TH GEN INTEL CORE I7 1265U VPRO,80000
INTEL CORE I5 1334U,55000
13TH GEN INTEL CORE I5 13450H,55000
INTEL CORE ULTRA I5 125U,85000
INTEL CORE I9 9980HK,110000
INTEL CORE I7 9850H VPRO,55000
INTEL CORE I7 6600U,55000
INTEL CORE I5 10210U,30000
AMD RYZEN 5,35000
13TH GEN INTEL CORE I7 1255U,85000
11TH GEN INTEL CORE I5 1155G7,35000
10TH GEN INTEL CORE I7,55000
AMD RYZEN 7 5820U,55000
12TH GEN INTEL CORE I5 1244U,50000
QUALCOMM SNAPDRAGON X X1P 42 100,60000
INTEL CORE I9 9880HK,110000
INTEL CORE I5 9300HF,25000
INTEL CORE I5 1345U VPRO,55000
INTEL CORE I5 1345U,55000
AMD RYZEN 9 7940U,100000
AMD RYZEN 7 3750H,55000
5TH GEN AMD RYZEN 5 5600H,30000
11TH GEN INTEL CORE I7 11600H,65000
10TH GEN INTEL CORE I7 1010U,55000
SNAPDRAGON X ELITE,95000
AMD RYZEN 7 PRO 6850U,55000
AMD RYZEN 5 8640HX,55000
AMD RYZEN 5 7530U,35000
AMD RYZEN 5 6600U,35000
13TH GEN INTEL CORE I5 1355U,55000
12TH GEN INTEL CORE I5 1245U,50000
INTEL CORE I5 13600HX,55000
INTEL CORE ULTRA 5 155U,70000
INTEL CORE I7 6820HQ,55000
INTEL CORE I7 1365U VPRO,85000
INTEL CORE I7 1270P,65000
INTEL CORE I5 1245U,40000
AMD RYZEN 7 8440HS,55000
AMD RYZEN 7 4800HS,35000
AMD RYZEN 5 3550H,35000
13TH GEN INTEL CORE I5 1365U,55000
13TH GEN INTEL CORE I5 1334U,55000
11TH GEN INTEL CORE I5 11450H,35000
10TH GEN INTEL CORE I7 10850H,55000
13TH GEN INTEL CORE I7 1365P,85000
12TH GEN INTEL CORE I7 12650P,80000
INTEL CORE I5 120U,40000
11TH GEN INTEL CORE I5 11400F,35000
INTEL CORE I7 8550U,55000
AMD RYZEN 5 PRO 6650U,35000
13TH GEN INTEL CORE I7 13620,85000
12TH GEN INTEL CORE I7 12700U,80000
11TH GEN INTEL CORE I7 1100H,65000
13TH GEN INTEL CORE I7 13340U,85000
INTEL ULTRA 7 165U VPRO,100000
INTEL ULTRA 5 135U VPRO,70000
INTEL CORE I5 1145G7,55000
INTEL CORE I5 10500H,30000
AMD RYZEN R5 7535HS,25000
8TH GEN INTEL CORE I5 8300H,22000
12TH GEN INTEL CORE I7 1270P,80000
INTEL XEON 11855M,100000
INTEL ULTRA 5 135H,70000
10TH GEN INTEL CORE I5 10400H,32000
INTEL CORE I7 4770HQ,55000
INTEL CORE ULTRA 7 125H,110000
INTEL CORE I5 5500,25000
INTEL CORE I5 1230U,40000
AMD RYZEN 78840U,80000
AMD RYZEN 5 7545U,35000
8TH GEN INTEL CORE I7 8565U,40000
12TH GEN INTEL CORE I5 1250P,50000
13TH GEN INTEL CORE I5 13500H,55000
2ND GEN QUALCOMM SNAPDRAGON 8C,60000
INTEL CORE I9 10800H,110000
INTEL CORE I7 2630QM,55000
AMD RYZEN 5 8540U,35000
8TH GEN INTEL CORE I7 8665U,40000
12TH GEN INTEL CORE I5 120U,50000
10TH GEN INTEL CORE I5 1035G1,32000
INTEL XEON E 2176M,100000
INTEL CORE I7 1260P VPRO,65000
INTEL CORE I5 2 CORE 2.9GHZ,25000
AMD RYZEN 7 7000,55000
AMD RYZEN 5 2500U,12000
8TH GEN INTEL CORE I5 8265U,22000
3RD GEN INTEL CORE I3,15000
10TH GEN INTEL CORE I5 10310U,32000
6TH GEN INTEL CORE I7 7700HQ,20000
INTEL ULTRA 7 135U,90000
INTEL CORE I5 7360U,25000
INTEL CORE I5 11260H,40000
AMD RYZEN 7 PRO 8840HS,80000
AMD RYZEN 5 6650U,35000
10TH GEN INTEL CORE I7 1068NG7,55000
11TH GEN INTEL CORE I5 H,35000
INTEL CORE I5 1135G7,55000
INTEL CORE 5 120U,25000
AMD RYZEN 5 5600U,30000
9TH GEN INTEL CORE I9 9980HK,60000
8TH GEN INTEL CORE I9 8950HK,110000
INTEL CORE I5 1200U,40000
INTEL CORE I5 11500H,40000
INTEL CORE ULTRA 5 238V VPRO,70000
INTEL CORE M3 8100Y,8000
INTEL CORE I9 9850H,110000
INTEL CORE I7 1270P VPRO,65000
INTEL CORE I5 8257U,25000
INTEL CORE I5 7300HQ,25000
INTEL CORE I5 13450U,55000
INTEL CORE I5 1035G1,30000
AMD RYZEN 7 PRO 7735U,55000
AMD RYZEN 5 PRO 7535U,42000
AMD RYZEN 5 PRO 4650U,35000
AMD RYZEN 5 7540U,35000
AMD RYZEN 5 7430U,35000
AMD RYZEN 5 7365U,35000
AMD RYZEN 5 3600H,35000
7TH GEN INTEL CORE I5 7360U,18000
7TH GEN INTEL CORE I5 7300HQ,18000
6TH GEN INTEL CORE I7 6700HQ,20000
11TH GEN INTEL CORE I5 11320H,35000
10TH GEN INTEL CORE I5 10500H,32000
INTEL CORE I5 1250P,40000
12TH GEN INTEL CORE I5 125U,50000
INTEL CORE I7 5500U,55000
INTEL CORE I7 2.3GHZ,55000
INTEL CORE I7 1255,65000
INTEL CORE I5 11EM,40000
12TH GEN INTEL CORE I5 1240P,50000
12TH GEN INTEL CORE I7 1265,80000
AMD RYZEN 7 5825U,55000
1ST GEN QUALCOMM SNAPDRAGON 8CX,60000
INTEL CORE I7 11390H,85000
AMD RYZEN 7 PRO 5850U,55000
13TH GEN INTEL CORE I7 1360P VPRO,85000
INTEL CORE I9 6 CORE 2.3GHZ,110000
INTEL CORE I7 8650U,55000
INTEL CORE I7 7820HQ,55000
INTEL CORE I5 11320H,55000
AMD RYZEN 7 6800,48000
9TH GEN INTEL CORE I7 9850H,40000
9TH GEN INTEL CORE I5 9300HF,22000
INTEL CORE I5 1038NG7,30000
AMD RYZEN 9 PRO 6950HS,95000
INTEL CORE ULTRA 5 134U,70000
INTEL CORE ULTRA 5 120U,70000
INTEL CORE I7 7Y75,55000
INTEL CORE I7 5650U,55000
INTEL CORE I7 4712HQ,65000
INTEL CORE I5 6300HQ,25000
INTEL CORE I3 1000NG4,15000
AMD RYZEN 7730U,55000
AMD RYZEN 7 PRO 7730U,55000
7TH GEN INTEL CORE I7 7600U,25000
11TH GEN INTEL CORE I5 1165G7,35000
11TH GEN INTEL CORE I5 1140G7,35000
AMD RYZEN 3 3250U,15000
11TH GEN INTEL CORE I7 1160G7,65000
INTEL CORE I7 9850HQ,55000
INTEL CORE I7 9750,55000
INTEL CORE I7 14700T,85000
AMD RYZEN 5 PRO 7530U,35000
8TH GEN INTEL CORE I5 8365U,22000
10TH GEN INTEL CORE I5 9300H,32000
INTEL CORE I5 1155G7,40000
INTEL XEON E3 1505M V6,100000
INTEL CORE I7 1060NG7,50000
INTEL CORE I5 1330U,55000
INTEL CORE I5 1035G4,30000
AMD RYZEN 7 SURFACE EDITION,55000
AMD RYZEN 7 3700,55000
11TH GEN INTEL CORE I9,90000
12TH GEN INTEL CORE I5 1200U,50000
AMD RYZEN 7 6700U,55000
AMD RYZEN 5 3500U,15000
INTEL CORE I5 12500,40000
INTEL CORE I5 1235,40000
INTEL CORE I3 1315U,15000
AMD RYZEN 7 PRO 6650U,55000
13TH GEN INTEL CORE I5 1370P,55000
13TH GEN INTEL CORE I5 1345U VPRO,55000
12TH GEN INTEL CORE I5 1255U,50000
12TH GEN INTEL CORE I5 1235G7,50000
10TH GEN INTEL CORE I5 1035G7,32000
10TH GEN INTEL CORE I5 1035,32000
INTEL CORE I3 1215U,15000
AMD RYZEN 7 3700U,55000
INTEL CORE M5 6Y54,8000
INTEL CORE I7 2.9GHZ,55000
INTEL CORE I7 2.2GHZ,55000
INTEL CORE I5 6200U,25000
AMD RYZEN 7 4700U,55000
AMD RYZEN 5 7500,35000
AMD RYZEN 5 5600,30000
AMD RYZEN 5 5500H,25000
9TH GEN INTEL CORE I5,22000
INTEL CORE I5 13340U,55000
INTEL N100,25000
INTEL CORE I7 7600U,55000
INTEL CORE I5 2.3GHZ,25000
AMD RYZEN 5 5000,35000
12TH GEN INTEL CORE I5 1335U,50000
11TH GEN INTEL CORE I3 1115G4,20000
10TH GEN INTEL CORE I7 10710U,55000
INTEL CORE I5 2.9GHZ,25000
INTEL CORE I5 1350P,55000
AMD RYZEN 5 PRO 5675U,35000
12TH GEN INTEL CORE I5 1345U,50000
12TH GEN INTEL CORE I5 1230U,50000
INTEL XEON E3 1535M,100000
INTEL CORE I5 8300,25000
INTEL CORE I5 2.7GHZ,25000
INTEL CORE I5 1245P,40000
INTEL CORE I5 1165G7,40000
INTEL CORE I5 10310U,30000
INTEL CORE I3 1.1GHZ,15000
AMD RYZEN 7 PRO 5875U,55000
AMD RYZEN 5 4800,35000
AMD RYZEN 5 4000,35000
7TH GEN INTEL CORE I3 7020U,12000
13TH GEN INTEL CORE I7 1280P,85000
13TH GEN INTEL CORE I5 1335G7,55000
12TH GEN INTEL CORE I7 1260U,80000
11TH GEN INTEL CORE I5 1145G7 VPRO,35000
10TH GEN INTEL CORE I5 1038NG7,32000
10TH GEN INTEL CORE I3,20000
13TH GEN INTEL CORE I5 13420U,55000
13TH GEN INTEL CORE I7 1265U,85000
INTEL CORE I5 4200M,25000
8TH GEN INTEL CORE I9,110000
INTEL CORE I5 7200U,25000
INTEL CORE I5 10310H,30000
INTEL CORE I3 N305,15000
AMD RYZEN 5 PRO 5650U,35000
AMD RYZEN 5 PRO 3500,15000
7TH GEN INTEL CORE I7 V PRO,25000
10TH GEN INTEL CORE I7 10700H,55000
INTEL CORE I7 8665U,55000
INTEL CORE I7 1370P VPRO,85000
AMD RYZEN 5 5625U,35000
AMD RYZEN 3 5300,18000
13TH GEN INTEL CORE I5 1345G7,55000
12TH GEN INTEL CORE I7 1225U,80000
INTEL CORE I7 1255U VPRO,65000
INTEL XEON E3 1505M,100000
INTEL CORE I5 8265U,25000
INTEL CORE I5 7440HQ,25000
INTEL CORE I5 1360P,55000
AMD RYZEN 5 PRO 7545U,35000
13TH GEN INTEL CORE I7 1345U,85000
INTEL CORE I5 1240P,40000
INTEL CORE I7 4710HQ,50000
INTEL CORE I3 1005G1,15000
INTEL PENTIUM GOLD 6500Y,10000
INTEL CORE I5 5350U,25000
INTEL CORE I5 3520,25000
INTEL CORE I5 135U,55000
INTEL CORE I5 1135U,55000
INTEL CORE I5 1130G7,55000
AMD RYZEN 7 5850U,55000
8TH GEN INTEL CORE I5 8700,22000
11TH GEN INTEL I5,35000
11TH GEN INTEL CORE I7 1180G7,65000
11TH GEN INTEL CORE I5 1135U,35000
10TH GEN INTEL CORE I7 10610U VPRO,55000
10TH GEN INTEL CORE I3 1005G1,20000
13TH GEN INTEL CORE I3 1315U,25000
12TH GEN INTEL CORE I3 1215U,25000
INTEL CORE I7 7700,55000
INTEL CORE I7 4710MQ,50000
INTEL CORE I3 1135G7,15000
AMD RYZEN PRO 5 4650U,25000
AMD RYZEN 7 PRO 675OU,55000
AMD RYZEN 7 PRO 5650U,55000
AMD RYZEN 7 PRO 4750U,55000
AMD RYZEN 5 7500U,35000
AMD RYZEN 3 7330U,15000
13TH GEN INTEL CORE I5 U,55000
INTEL CORE I7 7660U,55000
INTEL CORE I5 1185G7,40000
INTEL CORE I3 10110U,15000
AMD RYZEN 5 740U,35000
13TH GEN INTEL CORE I5 1345P,55000
INTEL CORE I7 8500Y,55000
INTEL CORE I5 1.6GHZ,25000
AMD RYZEN 5 7529U,35000
AMD RYZEN 5 7000,35000
AMD RYZEN 3 7335U,15000
13TH GEN INTEL CORE I5 13400H,55000
12TH GEN INTEL CORE I7 1165G7,80000
11TH GEN INTEL CORE I7 1185G7 VPRO,65000
10TH GEN INTEL CORE I3 10300H,20000
7TH GEN INTEL CORE I5 7300,18000
13TH GEN INTEL CORE I5 1350U,55000
12TH GEN INTEL CORE I7 1185G7,80000
INTEL CORE I7 1185G7 VPRO,65000
INTEL CORE I5 5287U,25000
INTEL CORE I5 1245U VPRO,40000
AMD RYZEN 5 5700U,35000
6TH GEN INTEL CORE I7 6820HQ,20000
6TH GEN INTEL CORE I5 6300HQ,15000
INTEL XEON E3 1545M,100000
INTEL CORE I7 6500U,55000
INTEL CORE I5 9400H,25000
INTEL CORE I5 7Y54,25000
INTEL CORE I5 7300U,25000
INTEL CORE I5 4 CORE 2.0GHZ,25000
INTEL CORE I5 1140G7,55000
INTEL CORE I3,15000
AMD RYZEN 3 7440U,15000
12TH GEN INTEL CORE I5 VPRO,50000
12TH GEN INTEL CORE I3 1235U,25000
11TH GEN INTEL CORE I7 VPRO,65000
11TH GEN INTEL CORE I5 1185G7,35000
11TH GEN INTEL CORE I5 1125G7,35000
11TH GEN INTEL CORE I3 1124G,20000
10TH GEN INTEL CORE I7 10810U,55000
10TH GEN INTEL CORE I3 10310U,20000
11TH GEN INTEL CORE I5 11500H,35000
INTEL CORE I7 8720H,55000
AMD RYZEN 3 5300U,18000
INTEL CORE I5 1030NG7,30000
AMD RYZEN 7 5800U,45000
9TH GEN INTEL CORE I5 9500,22000
6TH GEN INTEL CORE I7 6600U,20000
INTEL CORE I7 1035G7,50000
INTEL CORE I5 1.1GHZ,25000
INTEL CORE I3 1115G4,15000
8TH GEN INTEL CORE I7 8550H,40000
7TH GEN INTEL CORE I7 7375U,25000
7TH GEN INTEL CORE I5 7200U,18000
13TH GEN INTEL CORE I3,25000
10TH GEN INTEL CORE I5 1065G7,32000
10TH GEN INTEL CORE I5 10200H,32000
13TH GEN INTEL CORE I3 1305U,25000
INTEL CORE I7 4710,50000
INTEL CORE I5 4 CORE 1.4GHZ,25000
AMD RYZEN 7 PRO 2700U,55000
7TH GEN INTEL CORE I7 7Y75,25000
12TH GEN INTEL CORE I5 1285P,50000
12TH GEN INTEL CORE I5 1235P,50000
11TH GEN INTEL CORE I3 11100B,20000
INTEL CORE I5 5200U,25000
INTEL CORE I3 7100U,15000
INTEL CORE I3 1305U,15000
12TH GEN INTEL CORE I3 12150U,25000
11TH GEN INTEL CORE I3 1125G4,20000
INTEL CORE I3 7020U,15000
INTEL CORE I7 8569U,55000
INTEL CORE I5 5257U,25000
INTEL CORE I3 N300,15000
INTEL CELERON N300,5500
AMD RYZEN 5 PRO 5500U,25000
9TH GEN INTEL CORE I7 9300H,40000
8TH GEN INTEL CORE I5 8300U,22000
6TH GEN INTEL CORE I3 6006U,9000
12TH GEN INTEL CORE I5 1245G7,50000
10TH GEN INTEL CORE I7 10810,55000
AMD RYZEN 5 4650U,35000
12TH GEN INTEL CORE I3 12155U,25000
INTEL N200,25000
INTEL CORE I7 2.5GHZ,55000
INTEL CORE I5 4330M,25000
AMD RYZEN 5 5650U,35000
5TH GEN INTEL CORE I5 5200U,12000
11TH GEN INTEL CORE I7 1145G7,65000
8TH GEN INTEL CORE I3 8130U,12000
INTEL CORE I3 6005U,15000
AMD RYZEN PRO 5 5650U,25000
13TH GEN INTEL CORE I5 1315U,55000
INTEL CORE I7 1065,50000
INTEL CORE I3 6100U,15000
INTEL CORE I3 1125G4,15000
INTEL CELERON N305,5500
AMD RYZEN 5 1600X,35000
AMD RYZEN 3 7320U,15000
7TH GEN INTEL CORE I7 7820HK,25000
5TH GEN INTEL CORE I7 5500U,15000
13TH GEN INTEL CORE I3 13150U,25000
12TH GEN INTEL CORE I5 1245U VPRO,50000
12TH GEN INTEL CORE I5 1245P,50000
12TH GEN INTEL CORE I5 12210U,50000
11TH GEN INTEL CORE I3 11400U,20000
INTEL CORE I5 1145G7 VPRO,55000
INTEL CELERON J1900,5500
13TH GEN INTEL I9,120000
INTEL CORE I5 6198DU,25000
INTEL CORE I5 4210U,30000
INTEL CORE I5 1254U,40000
INTEL CORE I5 1135G7 VPRO,55000
6TH GEN INTEL CORE I7,20000
INTEL CELERON 3060,5500
AMD ATHLON GOLD 3150U,6000
INTEL CORE I5 4278U,25000
INTEL CORE I3 6006U,15000
AMD RYZEN 5 PRO 5850U,35000
8TH GEN INTEL CORE I5 8260U,22000
11TH GEN INTEL CORE I3,20000
10TH GEN INTEL CORE I5 1021U,32000
INTEL CORE N4500,25000
INTEL CORE I5 12500T,40000
INTEL CORE I3 1235U,15000
4TH GEN INTEL CORE I7 4500U,15000
4TH GEN INTEL CORE I5 4200M,10000
12TH GEN INTEL CORE I3 1220P,25000
10TH GEN INTEL CORE I7 G7,55000
10TH GEN INTEL CORE I5 VPRO,32000
5TH GEN INTEL CORE I5 5300U,12000
AMD RYZEN 7 4750U,55000
11TH GEN INTEL CORE I5 1145G1,35000
AMD RYZEN 5 PRO 6675U,35000
7TH GEN INTEL CORE I7 7850HQ,25000
11TH GEN INTEL CORE I7 G7,65000
11TH GEN INTEL CORE I5 G7,35000
10TH GEN INTEL CORE I5 1030G7,32000
INTEL CORE I7 7500,55000
INTEL CORE I7 6560U,55000
INTEL CORE I7 5700HQ,55000
INTEL CORE I5 4200H,25000
INTEL CORE I5 1135G,55000
INTEL CORE I5 10310U VPRO,30000
INTEL CORE I3 3217,15000
AMD RYZEN 3 PRO 5450U,15000
8TH GEN INTEL CORE I5 8650U,22000
5TH GEN INTEL CORE I5,12000
7TH GEN INTEL CORE M3 7Y30,8000
INTEL CORE I7 4980H,55000
AMD RYZEN 5 PRO 7530,35000
AMD RYZEN 3 3200U,12000
4TH GEN INTEL CORE I7 4750HQ,15000
10TH GEN INTEL CORE I5 10310U VPRO,32000
12TH GEN INTEL CORE I5 H,50000
INTEL CORE I7 8265U,55000
INTEL CORE I5 1035G7,30000
INTEL CORE I3 8100B,15000
INTEL CELERON N4020,5500
AMD RYZEN 3 PRO 7330U,15000
5TH GEN INTEL CORE I3,7000
10TH GEN INTEL CORE I7 1061U,55000
QUALCOMM SNAPDRAGON 778G,60000
INTEL CORE I7 10710U,50000
INTEL CORE I5 7Y54U,25000
INTEL CORE I5 3.0GHZ,25000
INTEL CORE I3 8100,15000
AMD RYZEN 7 PRO 3700U,55000
AMD RYZEN 5 4500,20000
8TH GEN INTEL CORE I7 8560U,40000
8TH GEN INTEL CORE I5 8210Y,22000
7TH GEN INTEL CORE I7 7300U,25000
7TH GEN INTEL CORE I7 7300HQ,25000
6TH GEN INTEL CORE I7 6700,20000
2ND GEN QUALCOMM SNAPDRAGON 7C,60000
12TH GEN INTEL CORE I3 1215U VPRO,25000
11TH GEN INTEL CORE I5 11310U,35000
11TH GEN INTEL CORE I3 1145G4,20000
11TH GEN INTEL CORE I3 1134G4,20000
10TH GEN INTEL CORE I7 10510H,55000
10TH GEN INTEL CORE I5 10210U VPRO,32000
10TH GEN INTEL CORE I5 10120U,32000
INTEL CELERON N4500,5500
INTEL CORE I5 2.6GHZ,25000
10TH GEN INTEL CORE I3 10110U,20000
INTEL CELERON N4000,5000
INTEL CORE I7 5310U,50000
INTEL CORE I7 1145G7,85000
INTEL CORE I5 7500HQ,25000
INTEL CORE I3 7130U,15000
9TH GEN INTEL CORE I3,12000
8TH GEN INTEL CORE I5 VPRO,22000
7TH GEN INTEL CORE I7 7660U,25000
11TH GEN INTEL CORE I3 1115G7,20000
10TH GEN INTEL CORE I5 10350U,32000
QUALCOMM SNAPDRAGON 865,60000
INTEL CORE I5 10310,30000
INTEL CORE I7 3630QM,55000
INTEL CORE I7 2620M,55000
INTEL CORE I5 VPRO,25000
INTEL CORE I5 8200Y,25000
INTEL CORE I5 7300U VPRO,25000
INTEL CORE I3 70202U,15000
INTEL CELERON N5095,5500
AMD RYZEN 5 5500,25000
6TH GEN INTEL CORE I7 6850HQ,20000
10TH GEN INTEL CORE I5 10610U,32000
INTEL PENTIUM N4500,6500
INTEL CORE I7 4510U,50000
INTEL PENTIUM N4120,6500
INTEL CORE I7 8350U,55000
INTEL CORE I7 10510,50000
INTEL CORE I3 8130U,15000
AMD RYZEN 3 PRO 3300U,12000
AMD RYZEN 3 5450U,15000
AMD ATHLON,6000
9TH GEN INTEL CORE I5 9400H,22000
5TH GEN INTEL CORE I7 5700HQ,15000
4TH GEN INTEL CORE I7 4870HQ,15000
4TH GEN INTEL CORE I7 4710HQ,15000
11TH GEN INTEL CORE I7 1065G7,65000
AMD RYZEN 3 5405U,15000
10TH GEN INTEL CORE I5 10200U,32000
INTEL CORE I7 4800MQ,55000
INTEL CORE I5 6360U,25000
INTEL CORE I5 10330U,30000
AMD RYZEN 7 7500U,55000
AMD RYZEN 5 PRO 465U,35000
AMD RYZEN 5 PRO 3500U,15000
AMD RYZEN 5 4565U,35000
AMD RYZEN 3 5425U,15000
8TH GEN INTEL CORE I7 8665U VPRO,40000
6TH GEN INTEL CORE I7 6600,20000
11TH GEN INTEL I3 1115G4,20000
10TH GEN INTEL CORE I5 1035U,32000
INTEL CORE I5 6300,25000
AMD RYZEN 5 4650,35000
AMD RYZEN 3 PRO S 5450,15000
INTEL CORE I7 7700U,55000
INTEL CORE I5 8350U VPRO,25000
INTEL CELERON 3867U,5500
INTEL CORE I7 4600M,55000
INTEL CORE I7 3537U,55000
INTEL CORE I5 L16G7,25000
INTEL CORE I5 8550U,25000
INTEL CORE I5 7300,25000
INTEL CORE I3 8145U,15000
INTEL CORE I3 5020U,15000
INTEL CELERON N4120,5500
AMD RYZEN 5 PRO 4650,35000
AMD RYZEN 5 3600U,35000
AMD RYZEN 3 5400U,15000
AMD A8 4500M,7000
AMD 3250E,25000
7TH GEN INTEL CORE I3 7100U,12000
6TH GEN INTEL CORE I7 8565U,20000
4TH GEN INTEL CORE I7 4720HQ,15000
4TH GEN INTEL CORE I5 4200U,10000
3RD GEN INTEL CORE I5 3210M,30000
2ND GEN INTEL CORE I5 2350M,25000
10TH GEN INTEL CORE I5 10310,32000
INTEL CORE I5 8350,25000
INTEL CORE I5 540M,25000
APPLE A13 BIONIC,6500
AMD RYZEN 7 2700U,55000
AMD RYZEN 5 5300U,35000
9TH GEN INTEL CORE I7 9650U,40000
INTEL CORE I7 8660U,55000
INTEL CORE I5 1035U,30000
AMD A10 9620P,8000
INTEL CELERON N6000,5500
4TH GEN INTEL CORE I5 4310U,10000
INTEL N95,25000
INTEL CORE I7 7600K,55000
INTEL CORE I5 2.4GHZ,25000
AMD RYZEN 5 PRO 4500U,20000
AMD RYZEN 3 4300U,15000
8TH GEN INTEL CORE I5 8665U,22000
6TH GEN INTEL CORE I7 6600HQ,20000
5TH GEN INTEL CORE I5 H VPRO,12000
AMD RYZEN 5 5620U,35000
AMD RYZEN 3 PRO 4450U,15000
INTEL CORE I7 5960X,55000
INTEL CORE I7 5600U,55000
INTEL CORE I7 4700HQ,55000
INTEL CORE I7 4600U,55000
INTEL CORE I5 5300U,25000
INTEL CORE I5 3210M,30000
INTEL CORE I3 1.2GHZ,15000
INTEL CELERON N3000,5500
INTEL CELERON 6305,5500
AMD RYZEN 3 2200U,9000
8TH GEN INTEL CORE I7 8600U,40000
8TH GEN INTEL CORE I5 8365U VPRO,22000
8TH GEN INTEL CORE I3,12000
7TH GEN INTEL CORE I7 7700U,25000
7TH GEN INTEL CORE I3,12000
6TH GEN INTEL CORE I7 HQ,20000
5TH GEN INTEL CORE I7 H,15000
4TH GEN INTEL CORE I5 4310M,10000
INTEL CORE I5 3340M,25000
5TH GEN INTEL CORE I7 5600U,15000
INTEL PENTIUM J5040,6500
INTEL PENTIUM SILVER N6000,8000
INTEL PENTIUM SILVER N5030,8000
INTEL PENTIUM GOLD,10000
AMD RYZEN 3 4450U,15000
8TH GEN INTEL CORE I5 8300 VPRO,22000
6TH GEN INTEL CORE I5 6500T,15000
INTEL CORE I5 8365,25000
INTEL CORE I5 8350 VPRO,25000
INTEL CORE I5 3320M,25000
AMD RYZEN 5 PRO 4535U,35000
AMD ATHLON SILVER 3050U,8000
6TH GEN INTEL CORE I5 VPRO,15000
INTEL PENTIUM GOLD 8505,10000
INTEL CORE I3 6100H,15000
11TH GEN INTEL CORE I3 1115U,20000
10TH GEN INTEL CORE I5 10110U,32000
AMD RYZEN 3 PRO 3300,12000
INTEL PENTIUM N5030,6500
INTEL CORE I7 4750HQ,55000
INTEL CORE I3 8192U,15000
8TH GEN INTEL CORE I3 8145U,12000
4TH GEN INTEL CORE I7 4712,15000
4TH GEN INTEL CORE I7,15000
INTEL CORE I7 4720HQ,55000
INTEL CORE I7 3740QM,55000
INTEL CORE I5 8365U VPRO,25000
INTEL CORE I5 4570R,25000
INTEL CORE I5 4300U,25000
INTEL CORE I5 4288U,25000
INTEL CORE I5 4200U,25000
INTEL CORE I5 2520M,25000
INTEL CORE I5 2450M,25000
INTEL CORE I5 2410M,30000
INTEL CORE I5 2 CORE 1.6 GHZ,25000
INTEL CORE I5 1.8GHZ,25000
INTEL CELERON N9225,5500
INTEL CELERON N3350,5500
INTEL CELERON N2840,5500
AMD RYZEN 3 PRO 2300,15000
AMD E2 3000M APU,6500
8TH GEN INTEL I5,22000
8TH GEN INTEL CORE I5 8350U VPRO,22000
7TH GEN INTEL CORE I5 7400U,18000
7TH GEN INTEL CORE I3 7100,12000
6TH GEN INTEL CORE I5 6300U VPRO,15000
4TH GEN INTEL CORE I7 4600U,15000
4TH GEN INTEL CORE I5,10000
11TH GEN INTEL CORE I3 1005G1,20000
INTEL CORE I5 8565U,25000
INTEL CORE I7 VPRO,55000
INTEL CORE I5 8250,25000
AMD RYZEN 5 PRO 3700U,35000
INTEL CORE I5 5400,25000
8TH GEN INTEL CORE I5 8550U,22000
8TH GEN INTEL CORE I5 8350 VPRO,22000
10TH GEN INTEL CORE I7 10U,55000
8TH GEN INTEL CORE I5 8265,22000
INTEL CORE I5 8520U,25000
INTEL CORE I5 6260U,25000
INTEL CORE I5 3230M,25000
INTEL CORE I3 11154U,15000
AMD RYZEN 3 3300U,12000
AMD A9,6500
8TH GEN INTEL CORE I5 8600,22000
7TH GEN INTEL CORE I7 7800U,25000
6TH GEN INTEL CORE I7 VPRO,20000
6TH GEN INTEL CORE I7 6700U,20000
5TH GEN AMD RYZEN 3 5425U,15000
10TH GEN INTEL CORE I5 10210Y,32000
INTEL CORE I7 920XM,55000
INTEL CORE I7 7700H,55000
INTEL CORE I7 6600,55000
INTEL CORE I5 430M,25000
INTEL CORE I5 2.5GHZ,25000
INTEL CORE I3 3120M,15000
INTEL CELERON N3450,5500
AMD E1 6010 APU,6500
8TH GEN INTEL CORE I7 8300U,40000
6TH GEN INTEL CORE M7 6Y75,8000
2ND GEN INTEL CORE I5 2450M,25000
AMD RYZEN 5 3450U,35000
6TH GEN INTEL CORE I5 6260U,15000
INTEL CELERON 2980U,5500
INTEL CORE I7 6200U,55000
AMD DUAL CORE E2 7015,4000
AMD A129720P 12 CORE,25000
9TH GEN INTEL CORE I5 9500T,22000
8TH GEN INTEL CORE I5 8350DE,22000
4TH GEN INTEL CORE I7 4940MX,15000
INTEL CORE I5 8020U,25000
INTEL CORE I5 6400U,25000
INTEL CORE I5 6440HQ,25000
AMD RYZEN 3 PRO 2300U,15000
INTEL CORE M3 7Y30,8000
INTEL CORE I5 8500T,25000
INTEL CORE I5 7600U,25000
INTEL CORE 620,25000
AMD RYZEN 5 PRO 4450U,35000
7TH GEN INTEL CORE I5 7300 VPRO,18000
5TH GEN INTEL CORE I7 VPRO,15000
4TH GEN INTEL CORE I7 4710MQ,15000
INTEL N97,25000
8TH GEN INTEL CORE I5 8635U,22000
AMD RYZEN 3 3250,15000
6TH GEN INTEL CORE I5 600U,15000
INTEL CORE I7 3615QM,55000
AMD RYZEN 5 PRO 4650G,35000
8TH GEN INTEL CORE I3 8100T,12000
3RD GEN INTEL CORE I5,25000
INTEL CORE 2 DUO T3200,3000
INTEL CORE I7 2620M VPRO,55000
INTEL CELERON J3060,5500
AMD A12 9700P,10000
8TH GEN INTEL CORE I5 8500T,22000
7TH GEN INTEL CORE I7 VPRO,25000
INTEL CORE I5 3380M,25000
6TH GEN INTEL CORE I3 6100U,9000
INTEL PENTIUM N6000,6500
INTEL PENTIUM GOLD 4415Y,10000
INTEL PENTIUM DUAL CORE T2370,5000
INTEL CORE I7 5500,55000
INTEL CORE I7 4610M,50000
INTEL CORE I7 4500U,55000
INTEL CORE I7 4 CORE 2.3GHZ,55000
INTEL CORE I5 V PRO,25000
INTEL CORE I5 8200,25000
INTEL CORE I5 5500U,25000
INTEL CORE I5 4800M,25000
INTEL CORE I5 3850U,25000
INTEL CORE I5 2467M,25000
INTEL CORE I5 1.7GHZ,25000
INTEL CORE I3 6006,15000
INTEL CORE I3 4145U,15000
INTEL CORE I3 4030U,15000
INTEL CORE I3 3217U,15000
INTEL CORE I3 2350M,15000
AMD E2 7110 APU,6500
AMD A8 9600B,7000
AMD A8,7000
AMD A6,5000
AMD A12 9720P,10000
8TH GEN INTEL CORE I5 8240U,22000
7TH GEN INTEL CORE I5 8350U,18000
7TH GEN INTEL CORE I5 7440HQ,18000
7TH GEN INTEL CORE I5 700U,18000
6TH GEN INTEL CORE I7 6250U,20000
6TH GEN INTEL CORE I5 6440HQ,15000
6TH GEN INTEL CORE I5 6300,15000
6TH GEN INTEL CORE I3 6300U,9000
5TH GEN INTEL CORE I5 VPRO,12000
5TH GEN INTEL CORE I5 5350U,12000
3RD GEN INTEL CORE I7 3632QM,55000
3RD GEN INTEL CORE I5 3500U,25000
3RD GEN INTEL CORE I3 3110M,15000
INTEL PENTIUM,6500
INTEL CORE I7 3650QM,55000
INTEL CORE I5 1.3GHZ,25000
7TH GEN INTEL CORE I5 HQ,18000
7TH GEN INTEL CORE I5 8500T,18000
7TH GEN INTEL CORE I3 7130U,12000
5TH GEN INTEL CORE I7,15000
5TH GEN INTEL CORE I5 5005U,12000
INTEL CORE I7 4300 VPRO,55000
INTEL PENTIUM N4020,6500
INTEL PENTIUM GOLD 8805,10000
INTEL PENTIUM 4415Y,6500
AMD PRO A8 8600B,7000
6TH GEN INTEL CELERON N3350,5500
5TH GEN INTEL CORE I5 5250U,12000
INTEL CORE I3 3110M,15000
7TH GEN INTEL CORE I5 7Y54,18000
INTEL PENTIUM N5405U,6500
INTEL PENTIUM GOLD 5405U,10000
INTEL CORE I5 5250U,25000
INTEL CORE I5 4250U,25000
INTEL CORE I5 2450P,25000
AMD RYZEN 3 3500U,15000
AMD PRO A10 8700B,8000
AMD ATHLON SILVER 7210U,8000
AMD A9 9425,6500
AMD A6 6310 APU,5000
7TH GEN INTEL CORE I5 7600U,18000
7TH GEN INTEL CORE I5 7500T,18000
4TH GEN INTEL CORE I5 4300U,10000
4TH GEN INTEL CORE I5 4300M,10000
4TH GEN INTEL CORE I3,6000
2ND GEN INTEL CORE I5 2520M,25000
7TH GEN INTEL CORE I5 7200,18000
INTEL CORE I5 6300 VPRO,25000
INTEL PENTIUM N3540,6500
INTEL CORE I7 4550U,55000
INTEL CORE I7 4400U,55000
INTEL CORE I7 3630,55000
INTEL CORE I5 5010U,30000
INTEL CORE I3 2370M,15000
INTEL CORE I3 2348M,15000
AMD PRO A12 8830B R7,10000
AMD PRO A10 8730B,8000
AMD A6 9220R,5000
AMD A4 1200,5000
7TH GEN INTEL CORE I5 7400,18000
6TH GEN INTEL I7,20000
10TH GEN INTEL CORE I3 U,20000
INTEL CORE I5 5600U,25000
5TH GEN INTEL CORE I3 5005U,7000
INTEL CELERON 4405U,5500
INTEL PENTIUM GOLD 4425Y,10000
INTEL PENTIUM 2020M,6500
INTEL CORE M3 6Y30,8000
INTEL CORE I7 2670QM,55000
INTEL CORE I5 4210H,30000
INTEL CORE I3 380M,15000
INTEL CELERON N5100,7000
3RD GEN INTEL CORE I7 3740QM,55000
3RD GEN INTEL CORE I5 3317U,25000
2ND GEN INTEL CORE I7,55000
INTEL CORE I3 7300U,15000
AMD RYZEN 3 PRO 3500,15000
AMD A9 9420,6500
INTEL CORE I3 4100M,15000
INTEL CORE I3 2125,15000
INTEL CORE 2 DUO,3000
INTEL ATOM Z3735F,3500
AMD A6 9225,5000
AMD A4 9125 SOC,5000
7TH GEN INTEL CORE I7 7200U,25000
4TH GEN INTEL CORE I5 4260U,10000
4TH GEN INTEL CORE I5 4210U,10000
6TH GEN INTEL CORE I5 6200,15000
2ND GEN INTEL CORE I3,15000
INTEL PENTIUM N4200,7000
INTEL PENTIUM 4417U,6500
INTEL CORE M3 7E,8000
AMD RYZEN A12,10000
4TH GEN INTEL CORE I5 4210M,10000
INTEL PENTIUM 4405U,6500
INTEL CORE I3 50500U,15000
3RD GEN INTEL CORE I7,55000
2ND GEN INTEL CORE I5 2415M,25000
INTEL CELERON N4200,5500
AMD E1 2500 APU,6500
INTEL PENTIUM N5000,7000
INTEL PENTIUM GOLD 5405,10000
INTEL CORE I5 8200U,25000
INTEL CORE I5 5200,25000
INTEL CORE I3 M350,15000
INTEL CORE I3 7Y30,15000
INTEL CORE I3 6200U,15000
INTEL CORE I3 3130M,15000
INTEL CORE I3 2310M,15000
INTEL CORE I3 1.7GHZ,15000
INTEL CELERON N3050,5500
INTEL B960,3500
AMD E 1500 APU,6500
AMD A12 PRO 8830B,10000
5TH GEN INTEL CORE I5 5257U,12000
INTEL CORE I3 7100,15000
INTEL CORE M 5Y71,8000
5TH GEN INTEL CORE I3 5010U,7000
INTEL PENTIUM SILVER N500,8000
INTEL CORE I7 3840QM,55000
INTEL CORE I7 3520M,55000
INTEL CORE I3 2540,15000
INTEL CELERON N4100,7000
INTEL CELERON G3930,4500
AMD A6 1450,5000
4TH GEN INTEL CORE I7 4702HQ,15000
INTEL CORE 2 DUO P7350,3000
INTEL CORE I3 330M,15000
AMD PRO A6 8530B,5000
6TH GEN INTEL CORE I3 6006,9000
5TH GEN INTEL CORE I5 5300,12000
2ND GEN INTEL CORE I5,25000
INTEL PENTIUM N4415,6500
INTEL PENTIUM 4425Y,6500
INTEL CORE I5 M540,25000
INTEL CORE I5 6500,25000
INTEL CORE I5 520M,25000
INTEL CORE I5 2515E,25000
INTEL CORE I5 2430M,25000
INTEL CORE I3 M370,15000
INTEL CORE I3 5008U,15000
AMD A10 9600P,8000
4TH GEN INTEL CORE I3 4050U,6000
8TH GEN INTEL PENTIUM,6500
INTEL CORE I5 4300M,25000
INTEL PENTIUM P6200,6500
INTEL PENTIUM 3805U,6500
INTEL CORE I7 4600U VPRO,55000
INTEL CORE I5 M480,25000
INTEL CORE I5 3337,25000
INTEL CORE I5 2320,25000
INTEL CORE I3 2330M,15000
INTEL CORE I3 2328M,15000
INTEL CORE 2 DUO T5670,3000
INTEL CORE 2 DUO P8600,3000
INTEL CELERON N3150,5000
INTEL CELERON B840,5500
INTEL CELERON B815,5500
INTEL ATOM X5 Z8350,5000
INTEL ATOM X5 Z8300,5000
INTEL ATOM,3500
AMD E 450 APU,6500
AMD A8 3500M APU,7000
AMD A4,5000
AMD 3015CE,6000
3RD GEN INTEL CORE I5 3320M,25000
3RD GEN INTEL CORE I5 3230M,25000
INTEL CELERON 3965,5500
INTEL ATOM 3410,3500
3RD GEN INTEL CORE I3 3217U,15000
INTEL PENTIUM N3150,6500
INTEL CORE I3 6600U,15000
INTEL CORE DUO,3000
INTEL CELERON N2940,5500
AMD A10,8000
6TH GEN INTEL CELERON N3060,5000
5TH GEN INTEL CORE I5 5500U,12000
5TH GEN INTEL CORE I3 5500U,7000
4TH GEN INTEL CORE I3 4030U,6000
INTEL CORE I5 4590,25000
INTEL CORE I3 4000M,15000
INTEL CORE 2 DUO T7250,3000
AMD TURION 64 X2 L510,3000
AMD RYZEN A4 9125,5000
AMD E1 2100,4000
AMD E1 1200,4000
1ST GEN INTEL CORE I5 460M,25000
AMD A8 7410,7000
INTEL PENTIUM SILVER N5000,8000
INTEL CORE I3 6100,15000
INTEL CELERON N2820,5500
INTEL PENTIUM N4000,6500
INTEL PENTIUM 2117U,6500
INTEL CORE I5 4310,30000
INTEL ATOM N450,3500
INTEL CORE I3 3320M,15000
INTEL PENTIUM DUAL CORE T4500,5000
INTEL PENTIUM B960,6500
INTEL PENTIUM 987,6500
INTEL CORE I5 3317U,25000
INTEL CORE I3 M380,15000
INTEL CORE I3 2120,15000
INTEL CORE I3 2.3GHZ,15000
INTEL CELERON N3955U,5500
INTEL CELERON N3160,5500
INTEL CELERON N2830,5500
INTEL CELERON 2957U,5500
AMD RADEON R2 CORE 2C,5000
AMD E2 9000E,4000
AMD A8 6410,7000
AMD A6 7310,5000
INTEL CORE I3 M330,15000
INTEL CELERON N2950U,5500
INTEL ATOM N270,3500
AMD A8 8600B,7000
INTEL PENTIUM 3825U,6500
AMD E 450,25000
INTEL ATOM Z8350,3500
INTEL PENTIUM T4400,6500
INTEL CORE I3 3EM,15000
AMD V120,3000
4TH GEN INTEL CORE I3 4010U,6000
3RD GEN INTEL CORE I3 3220,15000
AMD A4 3300M,5000
INTEL PENTIUM B950,6500
INTEL CORE I5 2540M,25000
INTEL CORE I3 T4005,15000
INTEL CORE I3 370,15000
INTEL CORE I3 350M,15000
INTEL CORE I3 2803,15000
INTEL CORE DUO T2050,3000
INTEL CELERON T3100,5500
INTEL ATOM 3735F,3500
AMD E 350 16,25000
3RD GEN INTEL CORE I3 312M,15000
2ND GEN INTEL CORE I5 2540M,25000
INTEL CORE I7 620M,55000
INTEL ATOM X5 Z5800,5000
AMD A4 1250,5000
INTEL CORE I3 2375M,15000
INTEL ATOM N2600,3500
AMD A4 4300M,5000
1ST GEN INTEL CORE I3,15000
INTEL PENTIUM 967,6500
INTEL CORE 2 DUO SP9400,3000
INTEL CELERON U4100,5500
INTEL ATOM Z540,3500
INTEL CORE 2 DUO T5500,3000
AMD A8 7100,7000
INTEL CORE 2 DUO E4700,3000
INTEL ATOM N570,3500
INTEL ATOM 330,3500
AMD E1 2100 APU,6500
INTEL CORE I9 TH8HK,110000
INTEL PENTIUM T3400,6500
INTEL CORE 2 DUO T7500,3000
INTEL CELERON N2100,5500
7TH GEN INTEL CORE I5 7500,18000
INTEL ATOM Z3795,3500
INTEL CELERON N3540,5500
INTEL CORE DUO T2080,3000
INTEL CORE 2 DUO T6670,3000
INTEL CELERON N2806,5500
INTEL CELERON E1200,5500
INTEL ATOM Z3735E,3500
INTEL ATOM N455,3500
13TH GEN INTEL CORE I7 150U,85000
INTEL PENTIUM 2127U,6500
INTEL PENTIUM T4200,6500
INTEL CELERON G2030,4500
AMD A10 PRO 7850B APU,8000
INTEL CORE 2 DUO E7500,3000
INTEL ATOM Z3740,3500
INTEL CORE DUO T2500,3000
INTEL CORE 2 DUO T5870,3000
INTEL CORE 2 DUO T5750,3000
INTEL CORE I3 3300,15000
3RD GEN INTEL CORE I3 3300,15000
INTEL CELERON M330,5500
INTEL CORE I3 3110,15000
INTEL CELERON 3050,5500
INTEL CORE I5 6200T,25000
INTEL PENTIUM DUAL CORE T4400,5000
AMD E1 1500,4000
AMD RYZEN 7 8845SH,80000
AMD RYZEN 8845,25000
9TH GEN INTEL CORE I7 9900,40000
6TH GEN INTEL CORE I5 6100U,15000
12TH GEN INTEL CORE I5 1215U,50000
AMD RYZEN 5 PRO 5670U,35000
INTEL CORE I3 2100,15000
INTEL XEON E3 1505 V5,100000
AMD RYZEN 5 3500X,15000
AMD FX 6100,8000
INTEL CORE I5 1035G,30000
AMD RYZEN 5 PRO 4675U,35000
INTEL CORE I5 7200,25000
10TH GEN INTEL CORE I5 1031U,32000
INTEL CORE I7 5500HQ,55000
INTEL CORE I5 7400,25000
INTEL CORE I5 4310M,30000
7TH GEN INTEL CORE I5 H,18000
4TH GEN INTEL CORE I5 4570M,10000
INTEL CORE I7 6600U VPRO,55000
AMD E1 7010 APU,6500
INTEL CORE I3 5005,15000
3RD GEN INTEL CORE I7 3630QM,55000
INTEL PENTIUM N3710,6500
QUALCOMM SNAPDRAGON R X 12 CORE,60000
INTEL PENTIUM B980,6500
INTEL CORE I3 2100T,15000
INTEL CORE I9 10900K,110000
INTEL ATOM X5 E8000,5000
INTEL CORE I5 2500K,25000
INTEL CORE I3 2328,15000
INTEL CELERON 2955U,5500
AMD E300,4000
12TH GEN INTEL CORE I7 12650,80000
AMD RYZEN 7 7535HS,50000
INTEL CORE I5 2550M,25000
INTEL CELERON 4000,5500
INTEL CORE 2 DUO T5250,3000
AMD RYZEN 9 9955H,160000
11TH GEN INTEL CORE I7 1180H,65000
INTEL CORE I7 11375H,85000
INTEL CORE I5 10400,30000
INTEL CORE I7 4790K,55000
INTEL CORE I7 2840QM,55000
AMD RYZEN 3 3200G,12000
INTEL CORE I7 5557U,55000
INTEL CORE I3 4340,15000
6TH GEN INTEL CORE I7 6550U,20000
AMD RYZEN 5 5550,35000
4TH GEN INTEL CORE I7 4810MQ,15000
INTEL CORE I5 4430S,25000
INTEL CORE I5 13600K,55000
AMD RYZEN 3 PRO 3400G,15000
INTEL CELERON J4005,5500
